stock_name,month_year,open_price,close_price,high_price,low_price,volume
AAPL,2013-01,286.4,287.11,299.48,282.61,15382399
AAPL,2013-01,714.76,734.57,743.43,664.17,16617505
AAPL,2013-03,304.88,292.92,308.55,280.67,20497748
AAPL,2013-04,902.87,918.88,978.54,883.15,14583017
AAPL,2013-05,2598.64,2577.67,2683.87,2446.48,38150879
AAPL,2013-05,1592.51,1614.46,1630.84,1493.9,1566585
AAPL,2013-06,2752.54,2741.98,2816.05,2528.01,15106725
AAPL,2013-07,340.29,331.06,371.15,315.16,44143650
AAPL,2013-08,654.81,643.14,719.17,631.75,37987529
AAPL,2013-09,2639.94,2742.92,3011.07,2475.14,27290607
AAPL,2013-10,1035.36,993.72,1106.99,901.65,16532563
AAPL,2013-11,2298.85,2347.44,2377.01,2192.16,42072055
AAPL,2013-12,1121.63,1142.84,1215.52,1061.92,36397707
AAPL,2014-01,1873.09,1912.91,1989.79,1713.17,36506542
AAPL,2014-02,1266.06,1215.56,1329.17,1146.94,40006116
AAPL,2014-03,2205.9,2111.92,2405.08,1985.25,4887015
AAPL,2014-04,1875.49,1911.33,2010.76,1812.16,24088162
AAPL,2014-05,1116.94,1153.2,1186.26,1044.49,24739961
AAPL,2014-06,2351.59,2425.66,2521.06,2326.52,42244053
AAPL,2014-07,1102.27,1084.67,1191.98,1067.52,35725591
AAPL,2014-08,1321.85,1371.39,1497.13,1280.83,9262019
AAPL,2014-09,1107.11,1130.54,1185.66,1086.95,33847512
AAPL,2014-10,2976.41,2928.42,3221.55,2783.75,7818628
AAPL,2014-11,2922.16,2932.12,3078.88,2847.7,24105885
AAPL,2014-12,1432.98,1478.96,1594.92,1318.85,5815141
AAPL,2015-01,833.6,859.15,926.58,750.74,27908435
AAPL,2015-02,2039.34,1939.44,2096.56,1867.97,29185267
AAPL,2015-03,2953.03,2894.09,3054.5,2627.96,45281733
AAPL,2015-04,1275.0,1328.03,1390.12,1255.41,44573040
AAPL,2015-05,1230.31,1220.22,1348.97,1207.37,24264597
AAPL,2015-06,1349.83,1296.16,1396.56,1193.54,7971907
AAPL,2015-07,2721.38,2680.61,2786.24,2561.68,24665029
AAPL,2015-08,2869.77,2878.39,3088.79,2685.33,23328965
AAPL,2015-09,1431.13,1417.19,1488.34,1282.51,44429238
AAPL,2015-10,2443.12,2508.06,2577.58,2358.36,15697212
AAPL,2015-11,54.66,56.31,58.72,50.46,34726466
AAPL,2015-12,2867.89,2939.72,3209.23,2667.72,12750167
AAPL,2016-01,397.76,405.35,412.08,391.66,13671645
AAPL,2016-02,2727.67,2828.62,3031.08,2471.67,12968080
AAPL,2016-03,1627.67,1639.71,1699.37,1541.35,9468020
AAPL,2016-04,1388.16,1339.39,1494.51,1221.74,46974901
AAPL,2016-05,240.82,252.47,259.88,230.28,20072858
AAPL,2016-06,1512.53,1515.14,1546.2,1470.62,34812213
AAPL,2016-07,451.0,447.81,457.13,429.71,49830388
AAPL,2016-08,2041.56,2000.85,2095.62,1851.42,1050844
AAPL,2016-09,604.93,609.88,657.21,590.73,42996837
AAPL,2016-10,77.05,79.93,87.6,73.83,6228776
AAPL,2016-11,1490.21,1461.92,1582.22,1414.23,46978597
AAPL,2016-12,2395.43,2325.77,2528.95,2219.26,7768552
AAPL,2017-01,2903.91,2859.25,2963.4,2706.73,43523916
AAPL,2017-02,1166.27,1147.62,1275.09,1107.34,6566826
AAPL,2017-03,1988.52,2008.98,2200.62,1830.13,24162991
AAPL,2017-04,2309.23,2299.4,2460.73,2205.11,26475938
AAPL,2017-05,1358.9,1412.34,1514.83,1323.55,22613973
AAPL,2017-06,1712.92,1740.08,1760.11,1629.24,30188306
AAPL,2017-07,1831.36,1914.31,2053.86,1694.89,40996664
AAPL,2017-08,503.15,517.61,555.52,484.02,21241081
AAPL,2017-09,1224.19,1236.42,1267.51,1125.81,9729195
AAPL,2017-10,2235.01,2232.82,2384.53,2146.22,1165860
AAPL,2017-11,1788.58,1837.9,1915.2,1630.92,11283555
AAPL,2017-12,1237.57,1260.1,1364.03,1213.14,46554781
AAPL,2018-01,2677.63,2750.86,2814.91,2440.26,16080963
AAPL,2018-02,2830.03,2902.91,3184.46,2590.88,32597777
AAPL,2018-03,2342.08,2351.74,2554.56,2136.2,7018615
AAPL,2018-04,518.02,524.92,554.2,482.29,41350980
AAPL,2018-05,370.62,379.05,395.36,356.29,41940411
AAPL,2018-06,361.33,352.25,393.12,326.81,21210333
AAPL,2018-07,2750.95,2642.11,2840.73,2585.34,49185667
AAPL,2018-08,1234.77,1180.44,1353.05,1105.08,26694403
AAPL,2018-09,2015.35,2084.04,2249.94,1846.06,31460040
AAPL,2018-10,2434.74,2543.65,2609.49,2209.76,21750569
AAPL,2018-11,2628.9,2666.4,2831.37,2484.05,17968588
AAPL,2018-12,2624.71,2627.94,2771.06,2546.34,15517803
AAPL,2018-12,2768.8,2637.5,2958.41,2594.54,19800081
AAPL,2019-01,502.38,491.06,550.95,477.23,23546214
AAPL,2019-03,2876.57,2887.99,3154.92,2745.64,27445087
AAPL,2019-03,722.91,728.07,736.22,669.89,43448720
AAPL,2019-04,2373.87,2416.55,2518.56,2164.78,32365467
AAPL,2019-05,2359.8,2377.35,2419.58,2174.83,43887617
AAPL,2019-06,1355.8,1388.07,1413.92,1327.1,5275811
AAPL,2019-07,1252.47,1233.54,1314.31,1190.75,18598560
AAPL,2019-08,670.47,656.23,736.0,638.63,23116137
AAPL,2019-09,2838.39,2821.88,3020.27,2715.9,10540833
AAPL,2019-10,2777.89,2709.86,2823.9,2658.43,6331194
AAPL,2019-11,1679.5,1602.63,1709.8,1464.05,45819563
AAPL,2019-12,489.1,499.08,534.75,450.63,38742006
AAPL,2020-01,883.41,845.67,903.31,784.3,9137416
AAPL,2020-02,2832.24,2707.23,3104.04,2672.66,48351943
AAPL,2020-03,2672.79,2721.09,2778.48,2434.41,27627327
AAPL,2020-04,2390.35,2504.42,2558.63,2198.94,42628357
AAPL,2020-05,2608.78,2657.23,2686.59,2439.11,24455133
AAPL,2020-06,610.98,641.0,660.89,601.18,30601707
AAPL,2020-07,304.33,306.61,327.96,288.65,27418213
AAPL,2020-08,2136.45,2231.11,2308.8,2038.04,23425410
AAPL,2020-09,1510.87,1524.74,1547.44,1434.73,40942305
AAPL,2020-10,217.25,226.05,245.04,209.97,24676531
AAPL,2020-11,1825.58,1904.85,1937.43,1675.48,8373275
AAPL,2020-12,1756.4,1805.23,1922.12,1706.98,6620460
AAPL,2021-01,1877.35,1818.79,1926.52,1754.87,21700803
AAPL,2021-02,1725.28,1727.82,1749.51,1693.82,42375533
AAPL,2021-03,492.79,477.78,518.93,452.41,27485491
AAPL,2021-04,1016.51,999.3,1095.11,972.43,46469940
AAPL,2021-05,548.76,547.78,574.55,503.62,39731427
AAPL,2021-06,2717.86,2752.03,2788.38,2609.95,8592775
AAPL,2021-07,1372.6,1373.01,1448.86,1333.47,29609980
AAPL,2021-08,2138.59,2092.21,2338.99,1988.31,14145369
AAPL,2021-09,281.03,286.42,308.95,270.22,6899072
AAPL,2021-10,78.63,79.42,80.84,76.13,36378813
AAPL,2021-11,67.79,68.56,75.11,61.64,28510290
AAPL,2021-12,1830.99,1813.92,1984.96,1735.16,42259571
AAPL,2022-01,1932.84,1839.44,1963.47,1717.1,36739589
AAPL,2022-02,1713.73,1733.56,1821.89,1558.94,29012279
AAPL,2022-03,2409.56,2375.35,2563.47,2284.23,12349836
AAPL,2022-04,889.5,883.11,945.25,827.9,37522048
AAPL,2022-05,1110.12,1102.85,1155.94,1012.48,34223384
AAPL,2022-06,1880.12,1795.49,1957.42,1747.22,3426526
AAPL,2022-07,2431.86,2441.75,2666.69,2198.42,20618032
AAPL,2022-08,2490.96,2420.75,2704.88,2292.36,30123143
AAPL,2022-09,1232.38,1234.77,1329.36,1125.18,32012143
AAPL,2022-10,1649.11,1706.22,1755.76,1537.32,1756396
AAPL,2022-11,563.57,570.17,626.63,530.08,48351963
AAPL,2022-12,625.96,653.54,672.42,591.09,18068767
AAPL,2023-01,829.39,844.91,872.32,750.14,45346374
AAPL,2023-02,1658.34,1586.15,1704.82,1525.04,23366917
AAPL,2023-03,2140.21,2090.88,2182.85,1991.04,22531410
AAPL,2023-04,2330.17,2361.3,2469.97,2118.58,40796928
AAPL,2023-05,1282.4,1292.53,1338.43,1180.76,37675704
AAPL,2023-06,915.74,923.93,1006.69,842.29,23103381
AAPL,2023-07,1505.71,1481.97,1563.5,1456.54,16988555
AAPL,2023-08,375.34,366.92,407.43,340.99,32516479
AAPL,2023-09,63.46,62.61,69.35,57.78,10047575
AAPL,2023-10,1425.81,1391.5,1497.86,1362.72,14479045
GOOG,2013-01,951.78,917.03,1030.81,901.4,21996853
GOOG,2013-01,1416.58,1358.65,1441.45,1247.06,5116177
GOOG,2013-03,1509.13,1500.93,1572.89,1351.12,5070350
GOOG,2013-04,520.01,536.77,590.22,486.63,5762295
GOOG,2013-05,2003.1,1985.09,2074.71,1886.26,14691453
GOOG,2013-05,1869.97,1941.22,2038.97,1747.6,49166016
GOOG,2013-06,1546.74,1621.11,1682.9,1467.2,37904440
GOOG,2013-07,1978.82,1947.24,2044.74,1761.2,2703913
GOOG,2013-08,931.63,948.45,966.67,841.4,47492162
GOOG,2013-09,788.41,814.5,892.59,741.43,46784065
GOOG,2013-10,1252.67,1226.88,1350.68,1178.58,44724531
GOOG,2013-11,762.25,748.26,828.57,679.78,16667379
GOOG,2013-12,372.03,362.29,379.58,335.34,23929263
GOOG,2014-01,1890.63,1982.92,2072.16,1719.37,23262567
GOOG,2014-02,2717.03,2620.44,2861.5,2407.22,35559810
GOOG,2014-03,2805.81,2799.0,2854.93,2521.89,15469031
GOOG,2014-04,591.2,592.97,640.09,535.76,35903985
GOOG,2014-05,2231.37,2149.97,2335.06,2006.43,30213959
GOOG,2014-06,1802.22,1885.06,1936.59,1625.53,12568385
GOOG,2014-07,2729.05,2735.93,2815.49,2470.88,44475402
GOOG,2014-08,1775.36,1826.7,1905.15,1672.4,34333901
GOOG,2014-09,2856.9,2849.59,3071.73,2778.13,42222405
GOOG,2014-10,1258.12,1299.75,1315.8,1214.39,31231394
GOOG,2014-11,2866.13,3002.08,3114.34,2726.23,27437006
GOOG,2014-12,1615.48,1627.97,1663.04,1540.48,48009933
GOOG,2015-01,1875.93,1876.84,2032.71,1698.03,40126748
GOOG,2015-02,2405.68,2305.42,2605.69,2169.1,45656475
GOOG,2015-03,673.69,691.92,750.3,617.9,33906664
GOOG,2015-04,2290.82,2282.29,2438.23,2222.05,8503827
GOOG,2015-05,2693.57,2617.47,2800.24,2417.24,49910893
GOOG,2015-06,2270.76,2340.58,2417.39,2166.28,27462693
GOOG,2015-07,979.95,974.22,1032.22,897.79,21019893
GOOG,2015-08,2009.59,2079.15,2110.54,1871.77,21735421
GOOG,2015-09,1885.49,1919.11,1972.21,1698.08,38001231
GOOG,2015-10,1301.05,1361.52,1491.43,1205.98,28680852
GOOG,2015-11,2740.78,2689.27,2808.76,2511.4,23687729
GOOG,2015-12,2698.88,2812.24,2935.32,2624.29,12295151
GOOG,2016-01,773.18,767.48,828.0,738.72,18925224
GOOG,2016-02,2386.84,2297.03,2502.44,2078.25,6484368
GOOG,2016-03,775.6,794.01,812.2,755.04,5204735
GOOG,2016-04,2963.37,2937.91,3238.46,2666.55,1789049
GOOG,2016-05,1926.15,1897.91,2108.9,1813.6,9265868
GOOG,2016-06,1074.7,1079.88,1118.63,989.75,12232965
GOOG,2016-07,2436.22,2417.29,2540.67,2311.65,32119674
GOOG,2016-08,730.33,722.27,771.76,702.76,2982598
GOOG,2016-09,2592.82,2598.29,2654.68,2505.72,29291105
GOOG,2016-10,2619.0,2626.7,2865.19,2538.01,14441647
GOOG,2016-11,683.35,689.46,704.74,658.62,6554053
GOOG,2016-12,1182.54,1137.53,1274.42,1095.18,36988894
GOOG,2017-01,1618.75,1675.34,1697.64,1493.58,39255481
GOOG,2017-02,1868.91,1836.58,1945.6,1697.74,37594702
GOOG,2017-03,464.53,450.75,510.78,425.94,13615214
GOOG,2017-04,1013.87,1037.41,1106.49,950.92,40435561
GOOG,2017-05,330.41,320.28,339.03,296.74,26196720
GOOG,2017-06,125.0,129.09,140.83,112.72,12087229
GOOG,2017-07,2054.14,1951.69,2161.03,1871.25,44160332
GOOG,2017-08,779.36,759.33,800.47,715.88,23737071
GOOG,2017-09,502.37,502.98,521.01,470.9,20027006
GOOG,2017-10,919.35,892.58,969.68,846.78,3034662
GOOG,2017-11,2963.49,2863.48,3037.89,2636.79,5123556
GOOG,2017-12,293.35,299.11,306.78,286.5,7863807
GOOG,2018-01,2476.29,2428.73,2525.54,2337.74,19815596
GOOG,2018-02,2147.87,2114.01,2208.46,1968.53,49126902
GOOG,2018-03,1725.48,1680.23,1792.73,1520.94,28253443
GOOG,2018-04,436.44,414.69,452.04,382.44,41134450
GOOG,2018-05,1386.01,1387.62,1402.82,1294.63,22724671
GOOG,2018-06,1047.98,1023.61,1146.3,992.09,46030108
GOOG,2018-07,63.93,62.15,69.33,60.94,7024048
GOOG,2018-08,1404.48,1366.09,1436.93,1239.01,6765157
GOOG,2018-09,2374.8,2380.76,2474.92,2291.73,29829916
GOOG,2018-10,981.49,950.4,1039.81,880.17,16418743
GOOG,2018-11,2825.34,2850.0,3032.69,2549.37,5445589
GOOG,2018-12,1773.32,1747.53,1800.81,1649.57,22631070
GOOG,2018-12,2639.6,2554.42,2777.92,2407.62,9483075
GOOG,2019-01,2173.94,2214.91,2359.61,2016.34,35744663
GOOG,2019-03,2496.03,2461.19,2590.16,2254.55,26115412
GOOG,2019-03,220.98,214.94,237.26,207.77,29119006
GOOG,2019-04,738.14,746.25,765.58,687.71,17983064
GOOG,2019-05,2853.26,2946.84,2984.35,2807.48,2387401
GOOG,2019-06,2572.85,2591.08,2638.12,2363.74,22060693
GOOG,2019-07,2090.83,2174.66,2225.94,1890.68,3688783
GOOG,2019-08,724.61,735.7,749.66,704.72,21430627
GOOG,2019-09,749.92,770.83,799.09,737.99,14894259
GOOG,2019-10,698.28,678.81,748.05,653.55,21399276
GOOG,2019-11,112.88,114.37,122.59,109.09,44575625
GOOG,2019-12,398.85,392.68,430.78,353.45,37467087
GOOG,2020-01,2587.13,2626.36,2838.14,2417.45,9435603
GOOG,2020-02,165.15,159.35,176.51,144.21,23190106
GOOG,2020-03,2834.39,2930.17,2972.83,2734.17,4100060
GOOG,2020-04,1336.98,1271.06,1467.6,1193.2,48961145
GOOG,2020-05,660.58,636.5,693.85,578.9,17523903
GOOG,2020-06,2110.11,2119.81,2202.75,1994.73,7003762
GOOG,2020-07,1868.75,1960.56,1994.71,1736.47,26458022
GOOG,2020-08,1644.41,1723.27,1873.58,1560.13,49458088
GOOG,2020-09,407.16,417.2,438.94,367.65,42984218
GOOG,2020-10,1794.98,1713.06,1938.25,1628.84,30484726
GOOG,2020-11,1515.38,1539.83,1623.26,1471.4,21729001
GOOG,2020-12,2702.64,2762.41,2918.74,2499.05,11725734
GOOG,2021-01,1494.31,1473.3,1596.01,1345.15,8732927
GOOG,2021-02,599.64,601.52,631.1,553.43,11270089
GOOG,2021-03,2688.59,2671.03,2903.73,2510.36,33929649
GOOG,2021-04,1210.0,1165.69,1293.43,1094.95,22625795
GOOG,2021-05,111.58,109.89,121.58,101.04,7300394
GOOG,2021-06,1746.08,1776.15,1809.1,1639.04,7096629
GOOG,2021-07,2123.48,2064.18,2269.1,1888.3,28575656
GOOG,2021-08,969.89,1009.44,1037.7,877.46,8381387
GOOG,2021-09,1543.39,1478.58,1560.75,1369.63,24392539
GOOG,2021-10,216.7,209.23,234.89,194.24,17401544
GOOG,2021-11,1729.38,1760.9,1871.94,1575.45,13413176
GOOG,2021-12,1597.47,1647.67,1759.71,1580.39,28526094
GOOG,2022-01,578.02,593.92,614.2,570.36,35140454
GOOG,2022-02,149.8,146.61,164.69,144.25,39037807
GOOG,2022-03,379.01,388.41,411.4,358.09,49033052
GOOG,2022-04,1251.94,1293.58,1373.31,1144.15,1749011
GOOG,2022-05,1310.03,1276.12,1370.28,1207.77,27618243
GOOG,2022-06,606.44,613.1,663.72,582.19,11221650
GOOG,2022-07,431.15,440.63,478.77,426.6,25579770
GOOG,2022-08,1977.51,2064.24,2163.27,1815.03,41809746
GOOG,2022-09,1768.61,1788.76,1860.38,1604.34,40978303
GOOG,2022-10,1105.77,1146.27,1233.08,1025.75,41334201
GOOG,2022-11,2329.88,2363.27,2454.32,2213.26,20037553
GOOG,2022-12,985.85,955.5,1018.77,900.2,21756239
GOOG,2023-01,2332.23,2242.27,2529.07,2165.06,30577146
GOOG,2023-02,2713.6,2788.98,2846.34,2510.81,12537285
GOOG,2023-03,822.97,792.71,898.86,764.38,7498478
GOOG,2023-04,1289.52,1288.34,1367.26,1198.48,9168425
GOOG,2023-05,1721.01,1776.75,1850.39,1619.82,36248750
GOOG,2023-06,2173.22,2241.29,2378.22,2135.46,1487577
GOOG,2023-07,2971.25,3103.4,3328.43,2926.34,33274494
GOOG,2023-08,2783.4,2912.88,2961.46,2680.19,17725573
GOOG,2023-09,1082.04,1105.11,1134.54,1038.51,8673429
GOOG,2023-10,558.06,579.16,627.4,545.11,37272883
MSFT,2013-01,695.69,686.06,754.04,656.81,29300048
MSFT,2013-01,1706.2,1768.54,1865.16,1539.41,13432634
MSFT,2013-03,2203.68,2201.58,2306.89,2155.95,25711638
MSFT,2013-04,2503.05,2529.35,2686.82,2465.66,11953615
MSFT,2013-05,1421.77,1379.59,1467.69,1339.74,16041439
MSFT,2013-05,2647.82,2772.67,2912.64,2555.4,41437992
MSFT,2013-06,144.43,151.21,156.16,138.89,45965993
MSFT,2013-07,1177.43,1127.76,1220.0,1037.35,48825928
MSFT,2013-08,2797.15,2707.72,2875.88,2494.51,34724407
MSFT,2013-09,2639.88,2699.49,2852.01,2422.78,26364684
MSFT,2013-10,1355.43,1406.26,1428.57,1252.38,25020108
MSFT,2013-11,721.99,733.71,773.33,682.97,23982099
MSFT,2013-12,957.08,932.32,982.94,878.44,47046993
MSFT,2014-01,567.68,567.82,605.18,542.04,40800388
MSFT,2014-02,1877.32,1862.56,1908.23,1791.36,4393709
MSFT,2014-03,2093.83,2149.77,2233.62,1893.73,35469446
MSFT,2014-04,2669.46,2691.86,2790.89,2417.95,49512509
MSFT,2014-05,950.0,997.31,1073.56,926.66,49838527
MSFT,2014-06,361.45,371.9,383.69,334.17,21727378
MSFT,2014-07,1568.36,1646.03,1667.24,1535.67,37580403
MSFT,2014-08,509.32,515.04,525.42,486.3,43027665
MSFT,2014-09,2625.7,2562.44,2867.36,2474.35,18515679
MSFT,2014-10,801.83,827.36,839.55,731.97,41903659
MSFT,2014-11,2591.56,2642.96,2767.15,2486.57,21028774
MSFT,2014-12,1169.09,1159.06,1263.78,1073.1,8269709
MSFT,2015-01,296.37,290.54,323.86,286.7,23034885
MSFT,2015-02,1914.37,1873.81,1986.55,1742.68,1723841
MSFT,2015-03,786.64,790.23,841.7,747.28,24633508
MSFT,2015-04,2493.28,2576.68,2820.6,2244.03,20119071
MSFT,2015-05,2766.47,2654.89,2863.2,2572.95,6790313
MSFT,2015-06,1779.51,1802.06,1916.56,1710.43,30272864
MSFT,2015-07,2287.64,2296.24,2393.87,2190.18,16729763
MSFT,2015-08,2623.86,2702.53,2769.62,2457.74,15834749
MSFT,2015-09,1728.74,1786.64,1916.13,1675.97,16143045
MSFT,2015-10,1717.14,1756.38,1874.05,1551.42,42537404
MSFT,2015-11,2989.37,2921.96,3062.04,2694.86,18657497
MSFT,2015-12,2241.81,2275.91,2403.56,2197.12,35173869
MSFT,2016-01,2399.37,2434.33,2638.08,2212.97,49954978
MSFT,2016-02,206.26,209.57,220.29,188.05,48547934
MSFT,2016-03,2241.19,2296.35,2380.05,2028.17,43174135
MSFT,2016-04,2880.74,2947.07,3215.59,2752.81,40373333
MSFT,2016-05,149.87,156.93,166.09,137.65,16169341
MSFT,2016-06,102.1,98.16,105.05,95.93,5538102
MSFT,2016-07,2114.34,2050.77,2233.58,1980.68,8968836
MSFT,2016-08,2388.26,2283.0,2480.65,2216.6,45990692
MSFT,2016-09,625.71,631.95,667.96,605.48,16094299
MSFT,2016-10,534.59,546.16,577.7,488.94,9871749
MSFT,2016-11,593.24,609.96,668.67,542.86,45412810
MSFT,2016-12,2861.89,2725.91,2984.38,2630.29,11480234
MSFT,2017-01,136.16,130.12,147.7,121.28,25490831
MSFT,2017-02,1335.13,1282.5,1433.59,1245.42,10228000
MSFT,2017-03,2310.27,2264.33,2533.73,2156.8,27128678
MSFT,2017-04,285.25,274.73,312.96,259.66,47398608
MSFT,2017-05,2234.69,2159.26,2436.13,2079.46,5495103
MSFT,2017-06,206.88,199.6,223.21,183.07,35936778
MSFT,2017-07,2626.88,2643.16,2740.3,2390.55,45378464
MSFT,2017-08,2587.6,2638.01,2715.7,2330.83,17119618
MSFT,2017-09,2262.59,2359.41,2525.76,2193.38,6876125
MSFT,2017-10,2436.34,2511.41,2624.38,2349.16,15292483
MSFT,2017-11,526.91,514.24,568.78,477.78,47740470
MSFT,2017-12,2244.81,2144.09,2354.53,1961.87,23138172
MSFT,2018-01,2415.94,2515.71,2665.81,2203.73,24863654
MSFT,2018-02,2810.4,2785.72,2935.06,2577.02,34388555
MSFT,2018-03,941.06,970.66,1063.95,890.47,25958063
MSFT,2018-04,1767.66,1739.59,1925.5,1622.85,23749682
MSFT,2018-05,635.94,626.42,659.3,603.2,16128351
MSFT,2018-06,2867.81,2808.92,2948.35,2548.47,34923302
MSFT,2018-07,2483.82,2463.33,2643.64,2389.96,8508474
MSFT,2018-08,980.11,1026.06,1047.49,923.28,12950438
MSFT,2018-09,549.08,569.02,609.85,498.47,36594551
MSFT,2018-10,1275.64,1261.79,1365.78,1156.75,5270632
MSFT,2018-11,892.81,852.22,962.71,801.14,29977104
MSFT,2018-12,2592.87,2506.85,2687.6,2444.83,8636487
MSFT,2018-12,1898.35,1955.6,1998.42,1877.37,16132409
MSFT,2019-01,2956.35,2830.66,3055.16,2704.76,34476534
MSFT,2019-03,2712.64,2839.78,2981.28,2649.37,25036242
MSFT,2019-03,935.33,936.74,1018.36,892.7,6545047
MSFT,2019-04,755.03,784.54,828.89,696.8,23635077
MSFT,2019-05,2039.75,1944.5,2192.06,1889.83,26171341
MSFT,2019-06,1247.51,1260.53,1354.09,1131.61,29547613
MSFT,2019-07,1189.04,1169.34,1297.75,1061.39,45507838
MSFT,2019-08,387.91,373.57,392.11,348.99,18567675
MSFT,2019-09,1364.72,1329.69,1495.01,1295.92,41011440
MSFT,2019-10,95.11,99.81,109.6,91.36,24278430
MSFT,2019-11,284.9,289.83,302.1,278.74,38641681
MSFT,2019-12,720.07,722.62,763.26,668.46,14695659
MSFT,2020-01,567.38,555.49,612.58,501.1,22906277
MSFT,2020-02,1525.6,1530.73,1648.76,1398.75,3562966
MSFT,2020-03,829.69,831.48,846.75,801.09,9320070
MSFT,2020-04,532.43,510.41,552.28,472.81,43009214
MSFT,2020-05,274.68,274.34,279.73,248.94,38077672
MSFT,2020-06,1707.08,1758.45,1897.18,1557.33,8387327
MSFT,2020-07,1264.78,1245.03,1303.21,1131.74,3505857
MSFT,2020-08,2315.46,2204.69,2502.1,2096.24,25896515
MSFT,2020-09,2322.82,2425.28,2659.2,2121.39,35561429
MSFT,2020-10,2697.83,2645.47,2806.16,2615.32,47258545
MSFT,2020-11,2158.21,2170.96,2210.94,1961.62,41320327
MSFT,2020-12,1404.57,1469.35,1509.92,1333.47,16314455
MSFT,2021-01,2460.2,2524.6,2651.6,2235.01,20349904
MSFT,2021-02,1916.63,1960.95,2072.89,1870.78,39542450
MSFT,2021-03,1653.17,1654.63,1818.31,1606.27,39506177
MSFT,2021-04,823.75,787.36,881.04,716.94,32363238
MSFT,2021-05,1960.94,1946.65,2153.54,1870.74,45065052
MSFT,2021-06,669.31,692.1,752.11,626.59,44363125
MSFT,2021-07,1956.68,1888.75,2042.66,1790.85,38025311
MSFT,2021-08,1081.27,1078.51,1161.85,1053.75,29654840
MSFT,2021-09,2863.92,2995.94,3277.56,2729.82,35812458
MSFT,2021-10,1982.0,2050.61,2071.79,1837.21,14206394
MSFT,2021-11,518.36,515.95,552.49,501.39,40922027
MSFT,2021-12,1662.23,1597.17,1812.37,1527.22,14722391
MSFT,2022-01,1067.75,1095.94,1191.16,975.71,1677640
MSFT,2022-02,516.82,529.25,544.06,466.43,26044093
MSFT,2022-03,265.36,277.23,286.87,248.68,12793470
MSFT,2022-04,1731.85,1804.18,1914.12,1626.32,23205666
MSFT,2022-05,812.57,837.65,907.89,783.48,31786621
MSFT,2022-06,1692.83,1642.92,1847.98,1588.06,25433976
MSFT,2022-07,2077.46,2044.56,2232.4,1885.3,35265012
MSFT,2022-08,1446.33,1399.27,1555.62,1311.02,30480776
MSFT,2022-09,1349.36,1338.76,1438.25,1317.32,32388067
MSFT,2022-10,2043.24,1973.91,2123.35,1847.52,37405013
MSFT,2022-11,2476.87,2484.95,2608.41,2318.32,38264415
MSFT,2022-12,64.73,67.21,73.15,59.23,2123558
MSFT,2023-01,285.45,289.42,298.04,258.14,2852355
MSFT,2023-02,1956.61,2010.94,2091.82,1916.45,11761878
MSFT,2023-03,395.54,412.13,431.28,374.92,47604888
MSFT,2023-04,1712.43,1768.57,1805.3,1613.66,32272561
MSFT,2023-05,1235.66,1215.59,1300.43,1136.07,20159147
MSFT,2023-06,2446.3,2456.89,2600.15,2364.69,34060231
MSFT,2023-07,2796.37,2836.42,2939.07,2549.54,2233094
MSFT,2023-08,2308.98,2312.57,2452.71,2113.87,43794933
MSFT,2023-09,1844.19,1782.5,1878.01,1630.93,45922411
MSFT,2023-10,1125.93,1156.8,1197.41,1020.48,38886152
AMZN,2013-01,1348.5,1412.46,1552.47,1272.45,10199578
AMZN,2013-01,2771.3,2678.88,3037.88,2437.88,33399275
AMZN,2013-03,617.05,623.17,666.75,582.68,19840551
AMZN,2013-04,1304.82,1360.24,1459.58,1181.44,16482636
AMZN,2013-05,2903.3,2959.78,3140.83,2715.86,47917452
AMZN,2013-05,2139.59,2208.19,2323.32,2068.55,13583078
AMZN,2013-06,1139.49,1195.05,1287.27,1050.31,40870893
AMZN,2013-07,539.04,536.95,571.6,500.48,17873419
AMZN,2013-08,1657.57,1652.42,1731.7,1553.66,39197367
AMZN,2013-09,926.42,907.46,964.23,896.61,39277758
AMZN,2013-10,2960.3,2957.47,3005.33,2716.81,29746880
AMZN,2013-11,477.32,499.61,515.01,435.01,4962125
AMZN,2013-12,2543.38,2589.75,2677.57,2492.78,24041331
AMZN,2014-01,1606.37,1630.41,1665.69,1524.65,16737684
AMZN,2014-02,2920.69,3003.66,3176.23,2703.96,6181981
AMZN,2014-03,2838.56,2965.59,3211.03,2712.08,3205629
AMZN,2014-04,96.81,94.97,100.33,86.78,33575695
AMZN,2014-05,1118.81,1163.75,1206.99,1082.31,45867328
AMZN,2014-06,1530.3,1487.39,1602.88,1430.98,46672490
AMZN,2014-07,355.57,365.45,371.72,338.89,15173583
AMZN,2014-08,931.76,951.05,998.07,900.83,21848852
AMZN,2014-09,2242.83,2152.6,2320.03,2091.39,8559352
AMZN,2014-10,1171.12,1124.28,1242.19,1101.64,44234166
AMZN,2014-11,533.66,555.75,578.58,520.33,42133063
AMZN,2014-12,2176.46,2202.12,2234.36,2102.96,44168887
AMZN,2015-01,2607.18,2695.5,2886.01,2363.33,42832336
AMZN,2015-02,1789.69,1858.98,1982.37,1657.74,11893556
AMZN,2015-03,1263.95,1312.81,1397.97,1215.66,20745098
AMZN,2015-04,685.38,664.01,698.99,622.82,13151137
AMZN,2015-05,2265.0,2292.06,2376.74,2054.94,3800745
AMZN,2015-06,2791.9,2664.6,3004.95,2422.3,15469276
AMZN,2015-07,1449.68,1395.47,1495.67,1356.62,30658992
AMZN,2015-08,865.37,880.02,959.55,839.34,8273420
AMZN,2015-09,1505.74,1431.19,1653.96,1412.46,33682639
AMZN,2015-10,113.77,113.65,123.58,109.47,37168784
AMZN,2015-11,614.9,617.13,655.77,555.91,12089733
AMZN,2015-12,90.26,86.51,91.24,85.47,40714883
AMZN,2016-01,1793.32,1851.77,1984.22,1629.94,17593395
AMZN,2016-02,1047.7,1026.79,1132.68,945.2,47685125
AMZN,2016-03,683.86,674.55,707.28,647.4,46208328
AMZN,2016-04,784.52,787.0,839.43,745.4,6021477
AMZN,2016-05,1905.8,1893.17,1968.34,1788.37,18947418
AMZN,2016-06,1688.95,1729.11,1797.78,1609.74,2155376
AMZN,2016-07,122.82,127.83,137.77,119.76,39732318
AMZN,2016-08,865.48,827.83,917.07,760.82,45162696
AMZN,2016-09,2890.35,2950.67,3158.54,2860.24,37139574
AMZN,2016-10,1536.11,1489.13,1684.21,1384.9,5547248
AMZN,2016-11,873.56,906.21,969.26,808.59,26557613
AMZN,2016-12,2101.7,2038.73,2305.26,1843.96,19305132
AMZN,2017-01,1301.62,1346.28,1436.76,1199.47,18359067
AMZN,2017-02,2811.15,2802.87,2935.62,2680.63,16496825
AMZN,2017-03,2262.13,2187.8,2423.93,2121.04,44350454
AMZN,2017-04,2066.54,2045.46,2217.81,1915.91,46740585
AMZN,2017-05,2561.09,2443.81,2649.62,2248.87,3649950
AMZN,2017-06,2733.11,2630.09,2861.71,2396.83,25171795
AMZN,2017-07,2958.8,2927.09,3092.08,2642.52,10632196
AMZN,2017-08,2577.46,2638.63,2874.1,2337.13,16476985
AMZN,2017-09,642.31,672.14,702.73,588.06,29018085
AMZN,2017-10,2077.21,2166.12,2314.41,1982.76,4052520
AMZN,2017-11,2050.44,2137.95,2329.23,2010.42,7233787
AMZN,2017-12,1745.64,1702.75,1812.46,1605.04,36644499
AMZN,2018-01,2669.78,2724.3,2965.07,2434.18,12318471
AMZN,2018-02,2400.94,2317.74,2563.54,2151.87,12147553
AMZN,2018-03,766.78,743.97,777.24,693.4,26496952
AMZN,2018-04,1809.08,1814.1,1883.63,1668.93,41336818
AMZN,2018-05,1480.89,1475.55,1553.52,1437.0,31565845
AMZN,2018-06,935.64,915.16,986.57,875.41,38287520
AMZN,2018-07,2140.12,2126.47,2295.78,1963.35,44702707
AMZN,2018-08,2291.94,2233.83,2503.74,2071.0,4606784
AMZN,2018-09,527.3,536.82,581.1,508.09,36984126
AMZN,2018-10,1962.48,1928.76,2076.51,1759.27,40097407
AMZN,2018-11,1951.76,1942.51,2103.09,1752.27,28316700
AMZN,2018-12,1649.4,1623.75,1808.34,1471.95,40338895
AMZN,2018-12,139.63,145.78,150.5,136.64,23008896
AMZN,2019-01,1218.05,1220.92,1297.89,1175.55,13025447
AMZN,2019-03,1302.33,1251.9,1399.45,1233.97,44424577
AMZN,2019-03,175.64,180.49,191.0,159.44,22681828
AMZN,2019-04,1091.36,1121.13,1189.58,1030.46,11717122
AMZN,2019-05,618.53,597.84,641.06,589.29,39036116
AMZN,2019-06,1132.29,1107.15,1180.9,1037.62,5877415
AMZN,2019-07,337.43,343.43,361.59,325.4,6767247
AMZN,2019-08,890.57,855.54,950.73,770.92,5961107
AMZN,2019-09,131.76,127.44,139.91,123.13,10077392
AMZN,2019-10,346.66,347.91,379.76,322.24,15487765
AMZN,2019-11,1091.37,1053.6,1183.49,1000.55,21841414
AMZN,2019-12,1769.37,1812.55,1917.52,1670.95,37977340
AMZN,2020-01,797.7,814.09,833.91,734.56,23598634
AMZN,2020-02,1411.73,1355.82,1519.19,1252.88,16688462
AMZN,2020-03,2463.91,2390.9,2667.36,2324.93,37573792
AMZN,2020-04,1888.76,1836.82,1991.24,1672.59,43089282
AMZN,2020-05,1630.81,1675.54,1764.11,1514.14,31546593
AMZN,2020-06,2448.7,2438.01,2482.87,2291.3,15749334
AMZN,2020-07,2968.17,3102.12,3363.16,2841.07,30315014
AMZN,2020-08,1115.47,1107.14,1190.6,1074.71,21802941
AMZN,2020-09,1037.43,1010.47,1098.65,913.29,20689130
AMZN,2020-10,1306.25,1266.97,1321.56,1245.49,8554901
AMZN,2020-11,2101.92,2068.26,2311.86,2030.7,40777319
AMZN,2020-12,2494.59,2379.13,2559.46,2172.35,29384474
AMZN,2021-01,2922.93,2811.88,3196.98,2770.89,21185895
AMZN,2021-02,2360.65,2287.99,2496.6,2220.44,20436593
AMZN,2021-03,1872.49,1799.47,2057.15,1621.42,10017470
AMZN,2021-04,1082.88,1125.53,1173.34,1002.95,49828645
AMZN,2021-05,934.18,939.49,1007.75,919.62,36901910
AMZN,2021-06,1656.02,1631.47,1786.45,1520.4,16182811
AMZN,2021-07,990.8,1018.7,1088.38,967.31,21279840
AMZN,2021-08,930.02,948.11,1031.0,919.14,8860403
AMZN,2021-09,2890.72,2808.76,3026.49,2602.74,26862418
AMZN,2021-10,626.86,604.54,660.49,560.23,8195820
AMZN,2021-11,515.71,527.16,570.72,488.42,30939861
AMZN,2021-12,2380.11,2421.73,2463.87,2251.95,45345044
AMZN,2022-01,2094.74,2152.47,2320.81,2003.95,30466594
AMZN,2022-02,799.15,839.0,915.47,729.4,1739510
AMZN,2022-03,2151.03,2236.89,2433.0,2041.49,35778517
AMZN,2022-04,930.25,925.5,1008.93,894.64,48621367
AMZN,2022-05,2855.94,2880.7,2916.84,2627.02,34926344
AMZN,2022-06,1216.15,1273.07,1347.22,1196.18,24790240
AMZN,2022-07,2309.16,2236.18,2475.02,2179.66,47737914
AMZN,2022-08,970.39,1005.13,1019.39,903.2,13353436
AMZN,2022-09,2420.78,2505.02,2710.89,2312.54,44749976
AMZN,2022-10,945.73,940.18,1004.75,865.46,14620791
AMZN,2022-11,2348.7,2254.4,2508.83,2172.86,42168952
AMZN,2022-12,2666.92,2774.4,3041.23,2590.7,39570090
AMZN,2023-01,2572.12,2650.24,2853.6,2359.57,18520265
AMZN,2023-02,1803.58,1735.33,1930.76,1586.59,3629333
AMZN,2023-03,2899.99,3038.19,3192.66,2842.74,19183972
AMZN,2023-04,302.52,303.42,317.97,288.24,3382811
AMZN,2023-05,1087.38,1068.4,1174.77,983.62,28754733
AMZN,2023-06,150.72,143.88,153.85,133.47,7304953
AMZN,2023-07,171.17,165.03,181.69,157.63,11522129
AMZN,2023-08,2626.29,2632.8,2685.32,2593.73,37149179
AMZN,2023-09,91.37,94.24,96.07,86.0,19814680
AMZN,2023-10,445.23,457.61,485.1,424.81,4825040
TSLA,2013-01,1545.45,1515.83,1580.19,1408.88,36161355
TSLA,2013-01,526.94,549.71,594.77,475.74,31014370
TSLA,2013-03,388.25,403.6,411.24,368.29,37274583
TSLA,2013-04,2064.41,2131.89,2219.48,2015.6,10172751
TSLA,2013-05,1833.07,1810.27,1860.65,1769.06,19488095
TSLA,2013-05,1808.19,1797.04,1837.58,1636.0,10490842
TSLA,2013-06,1916.03,1998.72,2088.23,1841.91,29809954
TSLA,2013-07,2683.71,2814.69,2860.89,2471.53,48337974
TSLA,2013-08,2685.72,2557.79,2784.96,2341.5,24993961
TSLA,2013-09,2155.63,2136.26,2212.51,2058.95,47187752
TSLA,2013-10,1882.97,1897.33,1971.65,1767.06,18663756
TSLA,2013-11,2648.07,2525.63,2863.7,2401.31,29420026
TSLA,2013-12,667.8,684.04,751.28,646.71,13463787
TSLA,2014-01,797.48,799.22,869.03,738.94,2621957
TSLA,2014-02,777.49,810.9,875.79,741.43,41567586
TSLA,2014-03,2952.63,2944.3,3170.78,2746.71,27882150
TSLA,2014-04,1031.82,989.38,1108.28,966.42,22622145
TSLA,2014-05,1947.94,1867.91,2117.58,1794.6,43463457
TSLA,2014-06,1939.13,2001.54,2167.3,1851.69,14946710
TSLA,2014-07,1345.64,1368.07,1421.43,1247.13,19534590
TSLA,2014-08,1725.27,1709.58,1773.33,1643.54,28321270
TSLA,2014-09,2299.75,2332.05,2362.23,2197.28,9418487
TSLA,2014-10,2117.8,2136.26,2184.99,2029.89,20065948
TSLA,2014-11,2727.56,2687.98,2884.69,2491.68,5804717
TSLA,2014-12,1906.92,1971.88,2087.92,1744.15,38649248
TSLA,2015-01,1134.02,1083.5,1180.97,978.86,43513480
TSLA,2015-02,2719.12,2791.34,2880.3,2547.52,4552289
TSLA,2015-03,2143.93,2133.85,2345.58,1988.42,34670244
TSLA,2015-04,1082.26,1081.73,1136.15,1033.78,21549844
TSLA,2015-05,1790.18,1801.81,1854.35,1746.13,40653886
TSLA,2015-06,691.23,695.07,706.81,669.19,11871041
TSLA,2015-07,1084.25,1108.09,1201.45,1014.86,3327585
TSLA,2015-08,404.26,387.84,417.43,382.29,3692108
TSLA,2015-09,535.23,544.62,564.22,499.13,38435848
TSLA,2015-10,2165.52,2118.69,2250.99,2072.02,28674717
TSLA,2015-11,569.43,563.22,581.99,523.17,29453542
TSLA,2015-12,854.6,886.39,907.08,821.09,6733586
TSLA,2016-01,307.0,308.12,312.81,279.18,22659572
TSLA,2016-02,2059.79,2115.35,2171.19,1997.06,49908230
TSLA,2016-03,2789.9,2679.13,3027.38,2599.58,24326394
TSLA,2016-04,422.24,436.32,455.65,397.75,31145992
TSLA,2016-05,1252.15,1197.21,1319.98,1170.73,1164853
TSLA,2016-06,1859.0,1864.75,1970.14,1684.43,8267842
TSLA,2016-07,2894.75,2916.21,3030.32,2864.63,43972106
TSLA,2016-08,2060.3,2018.31,2235.47,1993.89,32365454
TSLA,2016-09,531.66,557.66,585.85,520.7,46609136
TSLA,2016-10,1806.13,1835.18,1980.0,1688.89,8369007
TSLA,2016-11,1590.01,1553.07,1642.16,1427.95,34537555
TSLA,2016-12,755.65,760.08,824.07,685.96,15177040
TSLA,2017-01,1837.98,1924.04,2083.23,1787.31,42651254
TSLA,2017-02,1347.57,1403.19,1518.27,1304.25,26533159
TSLA,2017-03,2078.92,2176.51,2379.05,1989.5,45692545
TSLA,2017-04,2264.91,2158.0,2407.24,2045.35,39611696
TSLA,2017-05,364.48,363.68,375.88,335.52,1733524
TSLA,2017-06,263.02,262.13,277.13,238.61,19438552
TSLA,2017-07,2379.39,2415.55,2460.06,2195.31,14757207
TSLA,2017-08,665.17,678.4,686.91,651.43,44598431
TSLA,2017-09,2984.97,2978.75,3021.48,2885.04,4954459
TSLA,2017-10,186.85,185.38,203.13,168.49,11504594
TSLA,2017-11,124.04,124.32,127.49,122.41,10924203
TSLA,2017-12,1285.87,1234.77,1371.37,1131.05,26774867
TSLA,2018-01,360.46,348.68,369.97,323.96,8756551
TSLA,2018-02,744.52,777.95,791.99,701.97,5350259
TSLA,2018-03,1905.99,1966.03,2126.9,1762.56,33300991
TSLA,2018-04,1085.21,1097.4,1178.69,1059.37,13456153
TSLA,2018-05,2262.42,2316.12,2395.15,2114.24,30960476
TSLA,2018-06,1238.94,1186.39,1320.18,1111.22,27823497
TSLA,2018-07,1908.82,1974.06,2099.8,1731.17,7853379
TSLA,2018-08,2507.17,2383.13,2574.84,2352.27,40040932
TSLA,2018-09,690.36,668.65,699.13,660.04,20865491
TSLA,2018-10,1703.04,1695.19,1839.86,1563.07,47044802
TSLA,2018-11,1917.37,1864.5,2105.46,1773.13,40182683
TSLA,2018-12,2215.87,2231.23,2424.83,2109.42,47271675
TSLA,2018-12,875.8,879.08,917.74,828.89,31126655
TSLA,2019-01,1207.73,1216.98,1294.28,1122.86,8839552
TSLA,2019-03,1958.7,1992.77,2031.9,1802.51,43616915
TSLA,2019-03,72.85,69.69,76.42,67.44,39533950
TSLA,2019-04,1848.54,1785.27,1926.36,1686.3,1372635
TSLA,2019-05,2253.03,2311.4,2334.53,2077.03,38290581
TSLA,2019-06,298.34,308.87,337.17,292.11,18056166
TSLA,2019-07,102.99,107.43,115.23,97.79,47404934
TSLA,2019-08,2455.41,2514.43,2625.35,2364.99,2160900
TSLA,2019-09,404.8,400.58,426.31,386.26,20553784
TSLA,2019-10,1152.08,1195.57,1245.38,1060.43,33356963
TSLA,2019-11,2605.73,2694.78,2838.46,2521.76,2335733
TSLA,2019-12,982.34,992.14,1080.31,954.04,36357859
TSLA,2020-01,52.94,52.21,55.59,47.47,26366766
TSLA,2020-02,1048.12,1031.07,1112.29,939.37,28520623
TSLA,2020-03,1134.47,1141.68,1217.42,1067.39,24561238
TSLA,2020-04,2315.86,2275.36,2368.89,2109.44,4832559
TSLA,2020-05,1315.28,1308.53,1378.26,1203.62,44056250
TSLA,2020-06,2355.65,2439.72,2584.04,2127.52,34257283
TSLA,2020-07,1828.42,1860.3,1939.35,1782.65,46434284
TSLA,2020-08,685.8,668.54,750.25,649.84,45367457
TSLA,2020-09,1574.48,1580.52,1660.05,1534.14,27302584
TSLA,2020-10,2270.41,2355.02,2401.39,2074.52,45213376
TSLA,2020-11,2977.02,2846.22,3179.42,2744.12,29881524
TSLA,2020-12,860.02,818.23,925.41,783.48,35735398
TSLA,2021-01,2947.02,3043.89,3166.67,2666.84,4445142
TSLA,2021-02,2118.6,2132.27,2154.25,2035.39,44374028
TSLA,2021-03,1428.77,1493.39,1581.22,1343.71,2290773
TSLA,2021-04,1967.91,2037.84,2077.82,1826.76,40420314
TSLA,2021-05,1915.13,1829.63,2076.41,1729.64,27836284
TSLA,2021-06,1968.74,2011.67,2202.92,1891.69,37861560
TSLA,2021-07,2505.27,2423.99,2725.45,2351.35,20162200
TSLA,2021-08,2628.58,2582.87,2752.81,2348.03,39865958
TSLA,2021-09,1030.96,1021.66,1044.0,926.31,30859069
TSLA,2021-10,2943.05,3076.98,3212.37,2747.54,24605781
TSLA,2021-11,1504.48,1578.6,1714.87,1487.31,2878825
TSLA,2021-12,1004.28,990.59,1093.01,951.97,33620215
TSLA,2022-01,668.4,682.26,735.4,644.86,44285000
TSLA,2022-02,2181.18,2117.08,2252.62,1949.99,4115815
TSLA,2022-03,2673.0,2714.36,2853.52,2610.02,16540183
TSLA,2022-04,173.26,179.18,182.53,159.69,2460482
TSLA,2022-05,2813.96,2786.07,2904.83,2700.8,43880717
TSLA,2022-06,1651.54,1722.1,1847.03,1620.02,41265942
TSLA,2022-07,916.15,950.58,1028.85,870.14,3948142
TSLA,2022-08,1017.62,1042.94,1103.57,980.82,49199732
TSLA,2022-09,1071.84,1019.61,1171.96,935.8,38687661
TSLA,2022-10,1045.82,1068.39,1135.49,954.33,34196656
TSLA,2022-11,2398.9,2314.97,2557.07,2132.69,12410204
TSLA,2022-12,2056.14,2117.89,2152.1,1865.61,31708528
TSLA,2023-01,2057.19,2146.8,2338.15,2017.82,26132715
TSLA,2023-02,2063.4,2001.86,2234.85,1940.61,1731725
TSLA,2023-03,353.32,348.16,370.56,328.57,44669663
TSLA,2023-04,2455.64,2452.11,2493.95,2350.7,33144287
TSLA,2023-05,460.85,462.09,503.7,445.21,45582362
TSLA,2023-06,1306.42,1267.61,1352.95,1140.99,9685391
TSLA,2023-07,845.07,818.1,920.76,767.15,35597408
TSLA,2023-08,628.78,598.06,653.24,561.73,26999089
TSLA,2023-09,1654.53,1608.68,1712.39,1516.8,10054926
TSLA,2023-10,425.97,447.27,463.75,387.13,16543909
